{"url":"https:\/\/oauth.bitrix.info\/oauth\/token\/","info":{"url":"https:\/\/oauth.bitrix.info\/oauth\/token\/","content_type":"application\/json","http_code":200,"header_size":450,"request_size":390,"filetime":-1,"ssl_verify_result":0,"redirect_count":0,"total_time":0.236765,"namelookup_time":0.0041269999999999996,"connect_time":0.056466000000000002,"pretransfer_time":0.16874599999999995,"size_upload":214,"size_download":441,"speed_download":1862,"speed_upload":903,"download_content_length":-1,"upload_content_length":214,"starttransfer_time":0.23674700000000004,"redirect_time":0,"redirect_url":"","primary_ip":"46.235.53.68","certinfo":[],"primary_port":443,"local_ip":"192.168.210.27","local_port":41186},"params":{"this_auth":"Y","params":{"client_id":"local.61417ccb4b62b0.97655517","grant_type":"refresh_token","client_secret":"TVvwv9PWhs596TLs771k7x50r760nQU9J2FpVnpTeWRP29xu2K","refresh_token":"041e6961005745080000ddac0000033e000003efa36ac7f6a0a71ebf5c0feecd6bb5ad"}},"result":{"access_token":"20b64161005745080000ddac0000033e000003db5c760bd014babbfde309e0884f5577","expires":1631696416,"expires_in":3600,"scope":"app","domain":"oauth.bitrix.info","server_endpoint":"https:\/\/oauth.bitrix.info\/rest\/","status":"L","client_endpoint":"https:\/\/dstural24.ru\/rest\/","member_id":"bb3d2a73a85450da0028509bf1207fb8","user_id":830,"refresh_token":"10356961005745080000ddac0000033e0000036d3fdd81439986d34a25381018475320"}}