{"url":"https:\/\/dstural24.ru\/rest\/crm.lead.add.json","info":{"url":"https:\/\/dstural24.ru\/rest\/crm.lead.add.json","content_type":"application\/json; charset=utf-8","http_code":401,"header_size":628,"request_size":449,"filetime":-1,"ssl_verify_result":0,"redirect_count":0,"total_time":0.54294600000000004,"namelookup_time":0.0042269999999999999,"connect_time":0.004411,"pretransfer_time":0.097623000000000001,"size_upload":268,"size_download":86,"speed_download":158,"speed_upload":493,"download_content_length":86,"upload_content_length":268,"starttransfer_time":0.54291500000000004,"redirect_time":0,"redirect_url":"","primary_ip":"127.0.0.1","certinfo":[],"primary_port":443,"local_ip":"127.0.0.1","local_port":38044},"params":{"method":"crm.lead.add","params":{"fields":{"TITLE":"\u041d\u0430\u0437\u0432\u0430\u043d\u0438\u0435 \u043b\u0438\u0434\u0430","NAME":"\u0418\u043c\u044f","LAST_NAME":"\u0424\u0430\u043c\u0438\u043b\u0438\u044f"},"auth":"149f4161005745080000ddac0000033e000003bfa5c9a94b3dbed51af29e62cfdc14ce"}},"result":{"result":51326,"time":{"start":1631692816.739362,"finish":1631692817.325866,"duration":0.58650398254394531,"processing":0.22038793563842773,"date_start":"2021-09-15T13:00:16+05:00","date_finish":"2021-09-15T13:00:17+05:00"}}}