{"url":"https:\/\/dstural24.ru\/rest\/crm.lead.add.json","info":{"url":"https:\/\/dstural24.ru\/rest\/crm.lead.add.json","content_type":"application\/json; charset=utf-8","http_code":200,"header_size":801,"request_size":449,"filetime":-1,"ssl_verify_result":0,"redirect_count":0,"total_time":0.65254999999999996,"namelookup_time":0.0041510000000000002,"connect_time":0.0043379999999999998,"pretransfer_time":0.00662,"size_upload":268,"size_download":225,"speed_download":344,"speed_upload":410,"download_content_length":225,"upload_content_length":268,"starttransfer_time":0.65252900000000003,"redirect_time":0,"redirect_url":"","primary_ip":"127.0.0.1","certinfo":[],"primary_port":443,"local_ip":"127.0.0.1","local_port":38082},"params":{"method":"crm.lead.add","params":{"fields":{"TITLE":"\u041d\u0430\u0437\u0432\u0430\u043d\u0438\u0435 \u043b\u0438\u0434\u0430","NAME":"\u0418\u043c\u044f","LAST_NAME":"\u0424\u0430\u043c\u0438\u043b\u0438\u044f"},"auth":"20b64161005745080000ddac0000033e000003db5c760bd014babbfde309e0884f5577"},"this_auth":"N"},"result":{"result":51326,"time":{"start":1631692816.739362,"finish":1631692817.325866,"duration":0.58650398254394531,"processing":0.22038793563842773,"date_start":"2021-09-15T13:00:16+05:00","date_finish":"2021-09-15T13:00:17+05:00"}}}