{"url":"https:\/\/oauth.bitrix.info\/oauth\/token\/","info":{"url":"https:\/\/oauth.bitrix.info\/oauth\/token\/","content_type":"application\/json","http_code":200,"header_size":450,"request_size":390,"filetime":-1,"ssl_verify_result":0,"redirect_count":0,"total_time":0.21130699999999999,"namelookup_time":0.0041130000000000003,"connect_time":0.049133000000000003,"pretransfer_time":0.14810200000000001,"size_upload":214,"size_download":441,"speed_download":2087,"speed_upload":1012,"download_content_length":-1,"upload_content_length":214,"starttransfer_time":0.211287,"redirect_time":0,"redirect_url":"","primary_ip":"46.235.53.68","certinfo":[],"primary_port":443,"local_ip":"192.168.210.27","local_port":60676},"params":{"this_auth":"Y","params":{"client_id":"local.6151aab07b8ad4.29037471","grant_type":"refresh_token","client_secret":"rlhHRnL6KfMIATLPSSV9MiBSN5tLZKfbhpft3H2RGnJZyuCS66","refresh_token":"31497961005766c00000ddac0000033e00000332bb40cda415c0f8f175cec229f598d3"}},"result":{"access_token":"73a85261005766c00000ddac0000033e0000033bf0b32f0c33945051a7630dc136d5ba","expires":1632807027,"expires_in":3600,"scope":"app","domain":"oauth.bitrix.info","server_endpoint":"https:\/\/oauth.bitrix.info\/rest\/","status":"L","client_endpoint":"https:\/\/dstural24.ru\/rest\/","member_id":"bb3d2a73a85450da0028509bf1207fb8","user_id":830,"refresh_token":"63277a61005766c00000ddac0000033e000003e68e9e978bb8a481221c6075091186cc"}}