{"url":"https:\/\/dstural24.ru\/rest\/user.get.json","info":{"url":"https:\/\/dstural24.ru\/rest\/user.get.json","content_type":"application\/json; charset=utf-8","http_code":401,"header_size":629,"request_size":258,"filetime":-1,"ssl_verify_result":0,"redirect_count":0,"total_time":0.14230600000000004,"namelookup_time":0.0042240000000000003,"connect_time":0.0043550000000000004,"pretransfer_time":0.11235399999999995,"size_upload":82,"size_download":125,"speed_download":878,"speed_upload":576,"download_content_length":125,"upload_content_length":82,"starttransfer_time":0.14227800000000002,"redirect_time":0,"redirect_url":"","primary_ip":"127.0.0.1","certinfo":[],"primary_port":443,"local_ip":"127.0.0.1","local_port":49366},"params":{"method":"user.get","params":{"ID":"830","auth":"84bb5161005766c00000ddac0000033e000003cb482e0a65313560d7036ac04a9fe314"}},"result":{"error":"insufficient_scope","error_description":"The request requires higher privileges than provided by the access token"}}