{"url":"https:\/\/dstural24.ru\/rest\/user.current.json","info":{"url":"https:\/\/dstural24.ru\/rest\/user.current.json","content_type":"application\/json; charset=utf-8","http_code":200,"header_size":802,"request_size":255,"filetime":-1,"ssl_verify_result":0,"redirect_count":0,"total_time":0.052197,"namelookup_time":0.004163,"connect_time":0.0043359999999999996,"pretransfer_time":0.012266000000000001,"size_upload":75,"size_download":1469,"speed_download":28143,"speed_upload":1436,"download_content_length":1469,"upload_content_length":75,"starttransfer_time":0.052172000000000003,"redirect_time":0,"redirect_url":"","primary_ip":"127.0.0.1","certinfo":[],"primary_port":443,"local_ip":"127.0.0.1","local_port":45748},"params":{"method":"user.current","params":{"auth":"30d449610056696a0000ddac0000033e000003dd69dd712e4d6f03262be90c4b85270b"}},"result":{"result":{"ID":"830","ACTIVE":true,"EMAIL":"gamm_av@tm10.ru","LAST_LOGIN":"2021-09-21T05:00:00+05:00","DATE_REGISTER":"2021-01-21T05:00:00+05:00","IS_ONLINE":"Y","NAME":"\u0410\u043a\u0438\u043c","LAST_NAME":"\u0413\u0430\u043c\u043c","SECOND_NAME":"\u0412\u0430\u043b\u0435\u0440\u044c\u0435\u0432\u0438\u0447","PERSONAL_GENDER":"M","PERSONAL_PROFESSION":"","PERSONAL_WWW":"","PERSONAL_BIRTHDAY":"","PERSONAL_PHOTO":"https:\/\/dstural24.ru\/upload\/main\/3d9\/\u0421\u043d\u0438\u043c\u043e\u043a.PNG","PERSONAL_ICQ":"","PERSONAL_PHONE":"","PERSONAL_FAX":"","PERSONAL_MOBILE":"","PERSONAL_PAGER":"","PERSONAL_STREET":"","PERSONAL_CITY":"","PERSONAL_STATE":"","PERSONAL_ZIP":"","PERSONAL_COUNTRY":"0","TIME_ZONE_OFFSET":"0","WORK_COMPANY":"","WORK_POSITION":"","WORK_PHONE":"","UF_DEPARTMENT":[501],"UF_INTERESTS":null,"UF_SKILLS":null,"UF_WEB_SITES":null,"UF_XING":null,"UF_LINKEDIN":null,"UF_FACEBOOK":null,"UF_TWITTER":null,"UF_SKYPE":null,"UF_DISTRICT":null,"UF_PHONE_INNER":null,"UF_USR_1586509987020":false,"UF_USR_1586511385286":false,"UF_USR_1606113705454":null,"UF_USR_1618800069843":null,"UF_USR_1618903640772":null,"UF_USR_1622611116102":null,"UF_USR_1622611247657":null,"UF_USR_1622611598458":null,"UF_USR_1622613317278":null,"USER_TYPE":null},"time":{"start":1632224802.90365,"finish":1632224802.9262669,"duration":0.022616863250732422,"processing":0.0016009807586669922,"date_start":"2021-09-21T16:46:42+05:00","date_finish":"2021-09-21T16:46:42+05:00"}}}