{"url":"https:\/\/dstural24.ru\/rest\/user.current.json","info":{"url":"https:\/\/dstural24.ru\/rest\/user.current.json","content_type":"application\/json; charset=utf-8","http_code":200,"header_size":802,"request_size":255,"filetime":-1,"ssl_verify_result":0,"redirect_count":0,"total_time":0.142184,"namelookup_time":0.0041840000000000002,"connect_time":0.0043860000000000001,"pretransfer_time":0.099070000000000005,"size_upload":75,"size_download":1603,"speed_download":11274,"speed_upload":527,"download_content_length":1603,"upload_content_length":75,"starttransfer_time":0.142154,"redirect_time":0,"redirect_url":"","primary_ip":"127.0.0.1","certinfo":[],"primary_port":443,"local_ip":"127.0.0.1","local_port":47112},"params":{"method":"user.current","params":{"auth":"af9240610056696a0000ddac0000011200000368680669b45318d288d7550f698fa3af"}},"result":{"result":{"ID":"274","ACTIVE":true,"EMAIL":"pashnin@tm10.ru","LAST_LOGIN":"2021-09-14T05:00:00+05:00","DATE_REGISTER":"2016-08-16T05:00:00+05:00","IS_ONLINE":"Y","NAME":"\u041d\u0438\u043a\u043e\u043b\u0430\u0439","LAST_NAME":"\u041f\u0430\u0448\u043d\u0438\u043d","SECOND_NAME":"\u041b\u0435\u043e\u043d\u0438\u0434\u043e\u0432\u0438\u0447","PERSONAL_GENDER":"M","PERSONAL_PROFESSION":"","PERSONAL_WWW":"","PERSONAL_BIRTHDAY":"1984-08-01T05:00:00+05:00","PERSONAL_PHOTO":"https:\/\/dstural24.ru\/upload\/main\/71f\/12.jpg","PERSONAL_ICQ":"","PERSONAL_PHONE":"","PERSONAL_FAX":"","PERSONAL_MOBILE":"","PERSONAL_PAGER":"","PERSONAL_STREET":"","PERSONAL_CITY":"\u0427\u0435\u043b\u044f\u0431\u0438\u043d\u0441\u043a","PERSONAL_STATE":"","PERSONAL_ZIP":"","PERSONAL_COUNTRY":"0","TIME_ZONE_OFFSET":"0","WORK_COMPANY":"","WORK_POSITION":"\u041c\u0435\u043d\u0435\u0434\u0436\u0435\u0440","WORK_PHONE":"+7 9227311907","UF_DEPARTMENT":[536],"UF_INTERESTS":null,"UF_SKILLS":null,"UF_WEB_SITES":null,"UF_XING":null,"UF_LINKEDIN":null,"UF_FACEBOOK":null,"UF_TWITTER":null,"UF_SKYPE":null,"UF_DISTRICT":null,"UF_PHONE_INNER":null,"UF_USR_1586509987020":false,"UF_USR_1586511385286":[],"UF_USR_1606113705454":null,"UF_USR_1618800069843":null,"UF_USR_1618903640772":null,"UF_USR_1622611116102":null,"UF_USR_1622611247657":null,"UF_USR_1622611598458":null,"UF_USR_1622613317278":null,"USER_TYPE":null},"time":{"start":1631618208.989202,"finish":1631618209.0146141,"duration":0.025412082672119141,"processing":0.0014898777008056641,"date_start":"2021-09-14T16:16:48+05:00","date_finish":"2021-09-14T16:16:49+05:00"}}}