{"url":"https:\/\/dstural24.ru\/rest\/user.get.json","info":{"url":"https:\/\/dstural24.ru\/rest\/user.get.json","content_type":"application\/json; charset=utf-8","http_code":401,"header_size":629,"request_size":258,"filetime":-1,"ssl_verify_result":0,"redirect_count":0,"total_time":0.13348399999999999,"namelookup_time":0.0042449999999999996,"connect_time":0.0043860000000000001,"pretransfer_time":0.10508000000000001,"size_upload":82,"size_download":125,"speed_download":936,"speed_upload":614,"download_content_length":125,"upload_content_length":82,"starttransfer_time":0.13345299999999999,"redirect_time":0,"redirect_url":"","primary_ip":"127.0.0.1","certinfo":[],"primary_port":443,"local_ip":"127.0.0.1","local_port":37140},"params":{"method":"user.get","params":{"ID":"830","auth":"84bb5161005766c00000ddac0000033e000003cb482e0a65313560d7036ac04a9fe314"}},"result":{"error":"insufficient_scope","error_description":"The request requires higher privileges than provided by the access token"}}