{"url":"https:\/\/dstural24.ru\/rest\/user.current.json","info":{"url":"https:\/\/dstural24.ru\/rest\/user.current.json","content_type":"application\/json; charset=utf-8","http_code":200,"header_size":802,"request_size":255,"filetime":-1,"ssl_verify_result":0,"redirect_count":0,"total_time":0.15219800000000006,"namelookup_time":0.0042729999999999999,"connect_time":0.0044900000000000001,"pretransfer_time":0.10545099999999996,"size_upload":75,"size_download":1523,"speed_download":10006,"speed_upload":492,"download_content_length":1523,"upload_content_length":75,"starttransfer_time":0.15216499999999999,"redirect_time":0,"redirect_url":"","primary_ip":"127.0.0.1","certinfo":[],"primary_port":443,"local_ip":"127.0.0.1","local_port":37026},"params":{"method":"user.current","params":{"auth":"7e8b40610056696a0000ddac000002ac0000036dc0e4a5e6095f72af8e2e4e1c8ab44d"}},"result":{"result":{"ID":"684","ACTIVE":true,"EMAIL":"abdrahimov@tm10.ru","LAST_LOGIN":"2021-09-14T05:00:00+05:00","DATE_REGISTER":"2020-02-27T05:00:00+05:00","IS_ONLINE":"Y","NAME":"\u0418\u043b\u044c\u0434\u0430\u0440","LAST_NAME":"\u0410\u0431\u0434\u0440\u0430\u0445\u0438\u043c\u043e\u0432","SECOND_NAME":"\u0420\u0443\u0434\u0438\u043a\u043e\u0432\u0438\u0447","PERSONAL_GENDER":"","PERSONAL_PROFESSION":"","PERSONAL_WWW":"","PERSONAL_BIRTHDAY":"","PERSONAL_PHOTO":"https:\/\/dstural24.ru\/upload\/main\/f98\/avatar.png","PERSONAL_ICQ":"","PERSONAL_PHONE":"","PERSONAL_FAX":"","PERSONAL_MOBILE":"8 351 242 05 51 \u0434\u043e\u0431.224","PERSONAL_PAGER":"","PERSONAL_STREET":"","PERSONAL_CITY":"","PERSONAL_STATE":"","PERSONAL_ZIP":"","PERSONAL_COUNTRY":"0","TIME_ZONE_OFFSET":"0","WORK_COMPANY":"","WORK_POSITION":"","WORK_PHONE":"","UF_DEPARTMENT":[430],"UF_INTERESTS":null,"UF_SKILLS":null,"UF_WEB_SITES":null,"UF_XING":null,"UF_LINKEDIN":null,"UF_FACEBOOK":null,"UF_TWITTER":null,"UF_SKYPE":null,"UF_DISTRICT":null,"UF_PHONE_INNER":null,"UF_USR_1586509987020":false,"UF_USR_1586511385286":false,"UF_USR_1606113705454":null,"UF_USR_1618800069843":null,"UF_USR_1618903640772":null,"UF_USR_1622611116102":null,"UF_USR_1622611247657":null,"UF_USR_1622611598458":null,"UF_USR_1622613317278":null,"USER_TYPE":null},"time":{"start":1631616367.8806069,"finish":1631616367.9083121,"duration":0.027705192565917969,"processing":0.0016839504241943359,"date_start":"2021-09-14T15:46:07+05:00","date_finish":"2021-09-14T15:46:07+05:00"}}}