{"url":"https:\/\/dstural24.ru\/rest\/user.current.json","info":{"url":"https:\/\/dstural24.ru\/rest\/user.current.json","content_type":"application\/json; charset=utf-8","http_code":200,"header_size":803,"request_size":255,"filetime":-1,"ssl_verify_result":0,"redirect_count":0,"total_time":0.13678100000000004,"namelookup_time":0.0042269999999999999,"connect_time":0.0044099999999999999,"pretransfer_time":0.095859,"size_upload":75,"size_download":1617,"speed_download":11821,"speed_upload":548,"download_content_length":1617,"upload_content_length":75,"starttransfer_time":0.13675000000000004,"redirect_time":0,"redirect_url":"","primary_ip":"127.0.0.1","certinfo":[],"primary_port":443,"local_ip":"127.0.0.1","local_port":50272},"params":{"method":"user.current","params":{"auth":"279340610056696a0000ddac00000022000003ea547f661a4639815e71c14cb02dffe7"}},"result":{"result":{"ID":"34","ACTIVE":true,"EMAIL":"lazyrin@tm10.ru","LAST_LOGIN":"2021-09-14T05:00:00+05:00","DATE_REGISTER":"2015-08-31T05:00:00+05:00","IS_ONLINE":"Y","NAME":"\u0410\u043b\u0435\u043a\u0441\u0430\u043d\u0434\u0440","LAST_NAME":"\u041b\u0430\u0437\u044b\u0440\u0438\u043d","SECOND_NAME":"\u0410\u043d\u0430\u0442\u043e\u043b\u044c\u0435\u0432\u0438\u0447","PERSONAL_GENDER":"M","PERSONAL_PROFESSION":"","PERSONAL_WWW":"","PERSONAL_BIRTHDAY":"1971-02-26T05:00:00+05:00","PERSONAL_PHOTO":"https:\/\/dstural24.ru\/upload\/clouds\/1\/main\/808\/80840ffdb005b6ccea76542c27af611a\/IMG_6830.JPG","PERSONAL_ICQ":"","PERSONAL_PHONE":"","PERSONAL_FAX":"","PERSONAL_MOBILE":"+79227311895","PERSONAL_PAGER":"","PERSONAL_STREET":"","PERSONAL_CITY":"","PERSONAL_STATE":"","PERSONAL_ZIP":"","PERSONAL_COUNTRY":"0","TIME_ZONE_OFFSET":"0","WORK_COMPANY":"","WORK_POSITION":"","WORK_PHONE":"+7(351) 242-05-51 \u0434\u043e\u0431. 211","UF_DEPARTMENT":[421],"UF_INTERESTS":null,"UF_SKILLS":null,"UF_WEB_SITES":null,"UF_XING":null,"UF_LINKEDIN":null,"UF_FACEBOOK":null,"UF_TWITTER":null,"UF_SKYPE":null,"UF_DISTRICT":null,"UF_PHONE_INNER":"211","UF_USR_1586509987020":false,"UF_USR_1586511385286":false,"UF_USR_1606113705454":null,"UF_USR_1618800069843":null,"UF_USR_1618903640772":null,"UF_USR_1622611116102":null,"UF_USR_1622611247657":null,"UF_USR_1622611598458":null,"UF_USR_1622613317278":null,"USER_TYPE":null},"time":{"start":1631618328.490067,"finish":1631618328.514127,"duration":0.02406001091003418,"processing":0.0014638900756835938,"date_start":"2021-09-14T16:18:48+05:00","date_finish":"2021-09-14T16:18:48+05:00"}}}