{"url":"https:\/\/dstural24.ru\/rest\/user.current.json","info":{"url":"https:\/\/dstural24.ru\/rest\/user.current.json","content_type":"application\/json; charset=utf-8","http_code":200,"header_size":803,"request_size":255,"filetime":-1,"ssl_verify_result":0,"redirect_count":0,"total_time":0.054173000000000027,"namelookup_time":0.0041590000000000004,"connect_time":0.0043480000000000003,"pretransfer_time":0.01273,"size_upload":75,"size_download":1469,"speed_download":27116,"speed_upload":1384,"download_content_length":1469,"upload_content_length":75,"starttransfer_time":0.054127000000000036,"redirect_time":0,"redirect_url":"","primary_ip":"127.0.0.1","certinfo":[],"primary_port":443,"local_ip":"127.0.0.1","local_port":58848},"params":{"method":"user.current","params":{"auth":"90a649610056696a0000ddac0000033e00000381379dea5c5f480cb7979f1f6b6c6ed8"}},"result":{"result":{"ID":"830","ACTIVE":true,"EMAIL":"gamm_av@tm10.ru","LAST_LOGIN":"2021-09-21T05:00:00+05:00","DATE_REGISTER":"2021-01-21T05:00:00+05:00","IS_ONLINE":"Y","NAME":"\u0410\u043a\u0438\u043c","LAST_NAME":"\u0413\u0430\u043c\u043c","SECOND_NAME":"\u0412\u0430\u043b\u0435\u0440\u044c\u0435\u0432\u0438\u0447","PERSONAL_GENDER":"M","PERSONAL_PROFESSION":"","PERSONAL_WWW":"","PERSONAL_BIRTHDAY":"","PERSONAL_PHOTO":"https:\/\/dstural24.ru\/upload\/main\/3d9\/\u0421\u043d\u0438\u043c\u043e\u043a.PNG","PERSONAL_ICQ":"","PERSONAL_PHONE":"","PERSONAL_FAX":"","PERSONAL_MOBILE":"","PERSONAL_PAGER":"","PERSONAL_STREET":"","PERSONAL_CITY":"","PERSONAL_STATE":"","PERSONAL_ZIP":"","PERSONAL_COUNTRY":"0","TIME_ZONE_OFFSET":"0","WORK_COMPANY":"","WORK_POSITION":"","WORK_PHONE":"","UF_DEPARTMENT":[501],"UF_INTERESTS":null,"UF_SKILLS":null,"UF_WEB_SITES":null,"UF_XING":null,"UF_LINKEDIN":null,"UF_FACEBOOK":null,"UF_TWITTER":null,"UF_SKYPE":null,"UF_DISTRICT":null,"UF_PHONE_INNER":null,"UF_USR_1586509987020":false,"UF_USR_1586511385286":false,"UF_USR_1606113705454":null,"UF_USR_1618800069843":null,"UF_USR_1618903640772":null,"UF_USR_1622611116102":null,"UF_USR_1622611247657":null,"UF_USR_1622611598458":null,"UF_USR_1622613317278":null,"USER_TYPE":null},"time":{"start":1632213122.300813,"finish":1632213122.3248839,"duration":0.024070978164672852,"processing":0.001483917236328125,"date_start":"2021-09-21T13:32:02+05:00","date_finish":"2021-09-21T13:32:02+05:00"}}}